Wavelength,Coastal blue,Blue 475,green 531,Green 560,Red 650,Red 668,RedEdge 705,RedEdge 717,RedEdge 740,NIR
360,1.46E-11,2.81E-16,2.28E-180,3.98E-67,0,0,0,0,0,1.19E-86
361,2.63E-11,5.22E-16,2.84E-178,1.82E-66,0,0,0,0,0,2.71E-86
362,4.71E-11,9.66E-16,3.44E-176,8.27E-66,0,0,0,0,0,6.15E-86
363,8.38E-11,1.78E-15,4.04E-174,3.73E-65,0,0,0,0,0,1.39E-85
364,1.48E-10,3.25E-15,4.62E-172,1.67E-64,0,0,0,0,0,3.15E-85
365,2.60E-10,5.91E-15,5.14E-170,7.41E-64,0,0,0,0,0,7.11E-85
366,4.53E-10,1.07E-14,5.55E-168,3.27E-63,0,0,0,0,0,1.60E-84
367,7.83E-10,1.92E-14,5.82E-166,1.43E-62,0,0,0,0,0,3.60E-84
368,1.35E-09,3.44E-14,5.95E-164,6.20E-62,0,0,0,0,0,8.09E-84
369,2.29E-09,6.13E-14,5.90E-162,2.67E-61,0,0,0,0,0,1.81E-83
370,3.89E-09,1.09E-13,5.69E-160,1.14E-60,0,0,0,0,0,4.06E-83
371,6.54E-09,1.91E-13,5.34E-158,4.85E-60,0,0,0,0,0,9.07E-83
372,1.09E-08,3.35E-13,4.86E-156,2.04E-59,0,0,0,0,0,2.02E-82
373,1.81E-08,5.83E-13,4.31E-154,8.53E-59,0,0,0,0,0,4.50E-82
374,2.98E-08,1.01E-12,3.71E-152,3.54E-58,0,0,0,0,0,1.00E-81
375,4.87E-08,1.74E-12,3.11E-150,1.46E-57,0,0,0,0,0,2.22E-81
376,7.91E-08,2.99E-12,2.53E-148,5.95E-57,0,0,0,0,0,4.92E-81
377,1.27E-07,5.09E-12,2.00E-146,2.41E-56,0,0,0,0,0,1.09E-80
378,2.04E-07,8.63E-12,1.54E-144,9.70E-56,0,0,0,0,0,2.40E-80
379,3.24E-07,1.46E-11,1.15E-142,3.87E-55,0,0,0,0,0,5.29E-80
380,5.12E-07,2.44E-11,8.37E-141,1.53E-54,0,0,0,0,0,1.16E-79
381,8.02E-07,4.07E-11,5.91E-139,6.03E-54,0,0,0,0,0,2.56E-79
382,1.25E-06,6.76E-11,4.06E-137,2.35E-53,0,0,0,0,0,5.61E-79
383,1.93E-06,1.11E-10,2.71E-135,9.12E-53,0,0,0,0,0,1.23E-78
384,2.96E-06,1.83E-10,1.76E-133,3.50E-52,0,0,0,0,0,2.68E-78
385,4.50E-06,2.99E-10,1.11E-131,1.34E-51,0,0,0,0,0,5.85E-78
386,6.81E-06,4.85E-10,6.82E-130,5.06E-51,0,0,0,0,0,1.27E-77
387,1.02E-05,7.83E-10,4.06E-128,1.90E-50,0,0,0,0,0,2.77E-77
388,1.53E-05,1.26E-09,2.36E-126,7.09E-50,0,0,0,0,0,6.01E-77
389,2.26E-05,2.01E-09,1.33E-124,2.62E-49,0,0,0,0,0,1.30E-76
390,3.32E-05,3.19E-09,7.27E-123,9.63E-49,0,0,0,0,0,2.82E-76
391,4.85E-05,5.05E-09,3.87E-121,3.51E-48,0,0,0,0,0,6.08E-76
392,7.03E-05,7.93E-09,2.00E-119,1.27E-47,0,0,0,0,0,1.31E-75
393,0.000101207,1.24E-08,1.01E-117,4.55E-47,0,0,0,0,0,2.82E-75
394,0.000144654,1.93E-08,4.93E-116,1.62E-46,0,0,0,0,0,6.06E-75
395,0.000205297,2.98E-08,2.35E-114,5.73E-46,1.41E-306,0,0,0,0,1.30E-74
396,0.000289309,4.58E-08,1.08E-112,2.01E-45,3.49E-304,0,0,0,0,2.78E-74
397,0.000404827,7.01E-08,4.87E-111,7.00E-45,8.47E-302,0,0,0,0,5.95E-74
398,0.000562477,1.07E-07,2.13E-109,2.42E-44,2.01E-299,0,0,0,0,1.27E-73
399,0.000776012,1.61E-07,9.04E-108,8.30E-44,4.67E-297,0,0,0,0,2.70E-73
400,0.001063068,2.43E-07,3.73E-106,2.82E-43,1.06E-294,0,0,0,0,5.75E-73
401,0.001446043,3.64E-07,1.50E-104,9.53E-43,2.36E-292,0,0,0,0,1.22E-72
402,0.001953125,5.42E-07,5.84E-103,3.20E-42,5.13E-290,0,0,0,0,2.58E-72
403,0.002619431,8.02E-07,2.22E-101,1.06E-41,1.09E-287,0,0,0,0,5.47E-72
404,0.003488288,1.18E-06,8.17E-100,3.51E-41,2.28E-285,0,0,0,0,1.15E-71
405,0.0046126,1.73E-06,2.93E-98,1.15E-40,4.64E-283,0,0,0,0,2.43E-71
406,0.006056303,2.52E-06,1.02E-96,3.74E-40,9.27E-281,0,0,0,0,5.12E-71
407,0.007895827,3.65E-06,3.45E-95,1.21E-39,1.81E-278,0,0,0,0,1.08E-70
408,0.010221531,5.26E-06,1.14E-93,3.86E-39,3.46E-276,0,0,0,0,2.26E-70
409,0.013139006,7.55E-06,3.64E-92,1.23E-38,6.47E-274,0,0,0,0,4.73E-70
410,0.016770166,1.08E-05,1.13E-90,3.87E-38,1.18E-271,0,0,0,0,9.88E-70
411,0.021253991,1.53E-05,3.42E-89,1.21E-37,2.12E-269,0,0,0,0,2.06E-69
412,0.026746802,2.15E-05,1.01E-87,3.76E-37,3.71E-267,0,0,0,0,4.30E-69
413,0.033421928,3.02E-05,2.87E-86,1.16E-36,6.37E-265,0,0,0,0,8.93E-69
414,0.041468603,4.21E-05,7.98E-85,3.55E-36,1.07E-262,0,0,0,0,1.85E-68
415,0.051089962,5.84E-05,2.16E-83,1.08E-35,1.75E-260,0,0,0,0,3.84E-68
416,0.0625,8.07E-05,5.66E-82,3.24E-35,2.82E-258,0,0,0,0,7.95E-68
417,0.075919392,0.000110733,1.44E-80,9.70E-35,4.43E-256,0,0,0,0,1.64E-67
418,0.0915701,0.000151184,3.58E-79,2.88E-34,6.82E-254,0,0,0,0,3.39E-67
419,0.109668757,0.000205297,8.64E-78,8.48E-34,1.03E-251,0,0,0,0,6.97E-67
420,0.130418866,0.000277273,2.02E-76,2.48E-33,1.51E-249,0,0,0,0,1.43E-66
421,0.154001938,0.00037246,4.61E-75,7.19E-33,2.18E-247,0,0,0,0,2.94E-66
422,0.180567762,0.000497624,1.02E-73,2.07E-32,3.08E-245,0,0,0,0,6.02E-66
423,0.210224104,0.000661258,2.20E-72,5.91E-32,4.25E-243,0,0,0,0,1.23E-65
424,0.243026185,0.000873953,4.61E-71,1.68E-31,5.74E-241,0,0,0,0,2.51E-65
425,0.278966399,0.001148825,9.38E-70,4.72E-31,7.60E-239,0,0,0,0,5.12E-65
426,0.317964758,0.001501993,1.85E-68,1.32E-30,9.83E-237,0,0,0,0,1.04E-64
427,0.359860636,0.001953125,3.57E-67,3.65E-30,1.24E-234,0,0,0,0,2.11E-64
428,0.404406349,0.002526041,6.67E-66,1.00E-29,1.54E-232,0,0,0,0,4.28E-64
429,0.451263131,0.003249368,1.21E-64,2.74E-29,1.87E-230,0,0,0,0,8.67E-64
430,0.5,0.004157246,2.14E-63,7.42E-29,2.22E-228,0,0,0,0,1.75E-63
431,0.550095918,0.005290061,3.68E-62,1.99E-28,2.58E-226,0,0,0,0,3.53E-63
432,0.600945525,0.006695204,6.14E-61,5.32E-28,2.93E-224,0,0,0,0,7.11E-63
433,0.651868588,0.008427819,9.96E-60,1.41E-27,3.25E-222,0,0,0,0,1.43E-62
434,0.702123109,0.010551513,1.57E-58,3.70E-27,3.54E-220,0,0,0,0,2.87E-62
435,0.750921859,0.013139006,2.41E-57,9.65E-27,3.77E-218,0,0,0,0,5.74E-62
436,0.797451889,0.016272658,3.59E-56,2.50E-26,3.93E-216,0,0,0,0,1.15E-61
437,0.840896415,0.020044844,5.20E-55,6.42E-26,4.01E-214,0,0,0,0,2.29E-61
438,0.880458268,0.024558117,7.33E-54,1.64E-25,4.00E-212,0,0,0,0,4.57E-61
439,0.915383999,0.029925103,1.00E-52,4.14E-25,3.90E-210,0,0,0,0,9.09E-61
440,0.944987628,0.036268069,1.34E-51,1.04E-24,3.73E-208,0,0,0,0,1.80E-60
441,0.968672999,0.043718115,1.73E-50,2.59E-24,3.49E-206,0,0,0,0,3.58E-60
442,0.985953722,0.052413917,2.18E-49,6.39E-24,3.19E-204,0,0,0,0,7.08E-60
443,0.996469781,0.0625,2.66E-48,1.57E-23,2.86E-202,0,0,0,0,1.40E-59
444,1,0.074124473,3.16E-47,3.82E-23,2.50E-200,0,0,0,0,2.76E-59
445,0.996469781,0.08743623,3.66E-46,9.23E-23,2.15E-198,3.10E-306,0,0,0,5.43E-59
446,0.985953722,0.10258159,4.11E-45,2.21E-22,1.80E-196,1.68E-303,0,0,0,1.07E-58
447,0.968672999,0.11970041,4.48E-44,5.27E-22,1.48E-194,8.85E-301,0,0,0,2.10E-58
448,0.944987628,0.138921688,4.76E-43,1.24E-21,1.19E-192,4.53E-298,0,0,0,4.11E-58
449,0.915383999,0.160358752,4.91E-42,2.92E-21,9.33E-191,2.25E-295,0,0,0,8.03E-58
450,0.880458268,0.184104111,4.93E-41,6.79E-21,7.18E-189,1.09E-292,0,0,0,1.57E-57
451,0.840896415,0.210224104,4.81E-40,1.57E-20,5.41E-187,5.13E-290,0,0,0,3.06E-57
452,0.797451889,0.238753494,4.56E-39,3.59E-20,3.98E-185,2.35E-287,0,0,0,5.95E-57
453,0.750921859,0.269690199,4.20E-38,8.17E-20,2.87E-183,1.04E-284,0,0,7.62E-307,1.16E-56
454,0.702123109,0.30299035,3.76E-37,1.84E-19,2.03E-181,4.50E-282,0,0,1.03E-304,2.24E-56
455,0.651868588,0.338563887,3.28E-36,4.13E-19,1.40E-179,1.89E-279,0,0,1.36E-302,4.34E-56
456,0.600945525,0.376270933,2.77E-35,9.17E-19,9.45E-178,7.73E-277,0,0,1.77E-300,8.38E-56
457,0.550095918,0.415919145,2.28E-34,2.02E-18,6.25E-176,3.07E-274,0,0,2.27E-298,1.62E-55
458,0.5,0.457262258,1.83E-33,4.43E-18,4.04E-174,1.18E-271,0,0,2.85E-296,3.11E-55
459,0.451263131,0.5,1.42E-32,9.62E-18,2.56E-172,4.44E-269,0,0,3.53E-294,5.99E-55
460,0.404406349,0.54377953,1.07E-31,2.07E-17,1.59E-170,1.62E-266,0,0,4.29E-292,1.15E-54
461,0.359860636,0.588198496,7.89E-31,4.44E-17,9.61E-169,5.73E-264,0,0,5.13E-290,2.20E-54
462,0.317964758,0.632809757,5.64E-30,9.43E-17,5.70E-167,1.98E-261,0,0,6.03E-288,4.21E-54
463,0.278966399,0.677127773,3.91E-29,1.99E-16,3.31E-165,6.62E-259,0,0,6.96E-286,8.04E-54
464,0.243026185,0.72063656,2.64E-28,4.15E-16,1.88E-163,2.15E-256,0,0,7.91E-284,1.53E-53
465,0.210224104,0.762799075,1.73E-27,8.62E-16,1.05E-161,6.82E-254,0,0,8.83E-282,2.92E-53
466,0.180567762,0.803067828,1.11E-26,1.78E-15,5.69E-160,2.10E-251,0,0,9.68E-280,5.54E-53
467,0.154001938,0.840896415,6.86E-26,3.63E-15,3.03E-158,6.28E-249,0,0,1.04E-277,1.05E-52
468,0.130418866,0.875751677,4.14E-25,7.37E-15,1.58E-156,1.82E-246,0,0,1.11E-275,1.99E-52
469,0.109668757,0.907126088,2.42E-24,1.48E-14,8.05E-155,5.16E-244,0,0,1.15E-273,3.76E-52
470,0.0915701,0.934549995,1.38E-23,2.96E-14,4.01E-153,1.42E-241,0,0,1.18E-271,7.09E-52
471,0.075919392,0.957603281,7.65E-23,5.88E-14,1.96E-151,3.79E-239,0,0,1.19E-269,1.34E-51
472,0.0625,0.975926058,4.12E-22,1.16E-13,9.36E-150,9.83E-237,0,0,1.18E-267,2.51E-51
473,0.051089962,0.989228013,2.15E-21,2.26E-13,4.38E-148,2.48E-234,0,0,1.15E-265,4.72E-51
474,0.041468603,0.997296056,1.10E-20,4.38E-13,2.00E-146,6.09E-232,0,0,1.10E-263,8.84E-51
475,0.033421928,1,5.42E-20,8.42E-13,8.96E-145,1.45E-229,0,0,1.03E-261,1.65E-50
476,0.026746802,0.997296056,2.61E-19,1.61E-12,3.93E-143,3.37E-227,0,0,9.56E-260,3.09E-50
477,0.021253991,0.989228013,1.22E-18,3.05E-12,1.68E-141,7.59E-225,0,0,8.69E-258,5.76E-50
478,0.016770166,0.975926058,5.53E-18,5.73E-12,7.06E-140,1.66E-222,0,0,7.76E-256,1.07E-49
479,0.013139006,0.957603281,2.44E-17,1.07E-11,2.90E-138,3.54E-220,0,0,6.82E-254,1.99E-49
480,0.010221531,0.934549995,1.05E-16,1.98E-11,1.16E-136,7.33E-218,0,0,5.89E-252,3.69E-49
481,0.007895827,0.907126088,4.38E-16,3.64E-11,4.58E-135,1.48E-215,0,0,5.00E-250,6.84E-49
482,0.006056303,0.875751677,1.78E-15,6.63E-11,1.76E-133,2.89E-213,0,0,4.17E-248,1.26E-48
483,0.0046126,0.840896415,7.01E-15,1.20E-10,6.63E-132,5.49E-211,0,0,3.42E-246,2.33E-48
484,0.003488288,0.803067828,2.69E-14,2.16E-10,2.44E-130,1.02E-208,0,0,2.76E-244,4.30E-48
485,0.002619431,0.762799075,1.00E-13,3.84E-10,8.80E-129,1.83E-206,0,0,2.19E-242,7.91E-48
486,0.001953125,0.72063656,3.63E-13,6.80E-10,3.11E-127,3.19E-204,0,0,1.70E-240,1.45E-47
487,0.001446043,0.677127773,1.28E-12,1.19E-09,1.07E-125,5.42E-202,0,0,1.31E-238,2.66E-47
488,0.001063068,0.632809757,4.37E-12,2.08E-09,3.62E-124,8.95E-200,0,0,9.83E-237,4.87E-47
489,0.000776012,0.588198496,1.46E-11,3.60E-09,1.20E-122,1.44E-197,0,0,7.28E-235,8.89E-47
490,0.000562477,0.54377953,4.71E-11,6.17E-09,3.87E-121,2.24E-195,0,0,5.29E-233,1.62E-46
491,0.000404827,0.5,1.48E-10,1.05E-08,1.23E-119,3.40E-193,0,0,3.79E-231,2.95E-46
492,0.000289309,0.457262258,4.53E-10,1.78E-08,3.80E-118,5.01E-191,0,0,2.66E-229,5.37E-46
493,0.000205297,0.415919145,1.35E-09,2.98E-08,1.15E-116,7.18E-189,0,0,1.84E-227,9.73E-46
494,0.000144654,0.376270933,3.89E-09,4.96E-08,3.41E-115,1.00E-186,0,0,1.25E-225,1.76E-45
495,0.000101207,0.338563887,1.09E-08,8.20E-08,9.91E-114,1.36E-184,0,0,8.35E-224,3.19E-45
496,7.03E-05,0.30299035,2.98E-08,1.34E-07,2.82E-112,1.78E-182,0,0,5.49E-222,5.75E-45
497,4.85E-05,0.269690199,7.91E-08,2.19E-07,7.83E-111,2.28E-180,0,0,3.54E-220,1.04E-44
498,3.32E-05,0.238753494,2.04E-07,3.53E-07,2.13E-109,2.84E-178,0,0,2.25E-218,1.86E-44
499,2.26E-05,0.210224104,5.12E-07,5.66E-07,5.67E-108,3.44E-176,0,0,1.40E-216,3.35E-44
500,1.53E-05,0.184104111,1.25E-06,9.00E-07,1.48E-106,4.04E-174,0,0,8.59E-215,6.00E-44
501,1.02E-05,0.160358752,2.96E-06,1.42E-06,3.76E-105,4.62E-172,0,0,5.18E-213,1.07E-43
502,6.81E-06,0.138921688,6.81E-06,2.22E-06,9.39E-104,5.14E-170,0,0,3.07E-211,1.92E-43
503,4.50E-06,0.11970041,1.53E-05,3.46E-06,2.29E-102,5.55E-168,0,0,1.79E-209,3.42E-43
504,2.96E-06,0.10258159,3.32E-05,5.34E-06,5.47E-101,5.82E-166,0,0,1.02E-207,6.09E-43
505,1.93E-06,0.08743623,7.03E-05,8.17E-06,1.28E-99,5.95E-164,0,0,5.76E-206,1.08E-42
506,1.25E-06,0.074124473,0.000144654,1.24E-05,2.93E-98,5.90E-162,0,0,3.19E-204,1.92E-42
507,8.02E-07,0.0625,0.000289309,1.87E-05,6.55E-97,5.69E-160,0,0,1.74E-202,3.40E-42
508,5.12E-07,0.052413917,0.000562477,2.80E-05,1.43E-95,5.34E-158,0,0,9.28E-201,6.02E-42
509,3.24E-07,0.043718115,0.001063068,4.16E-05,3.08E-94,4.86E-156,0,0,4.88E-199,1.06E-41
510,2.04E-07,0.036268069,0.001953125,6.13E-05,6.45E-93,4.31E-154,0,0,2.52E-197,1.87E-41
511,1.27E-07,0.029925103,0.003488288,8.97E-05,1.32E-91,3.71E-152,0,0,1.28E-195,3.30E-41
512,7.91E-08,0.024558117,0.006056303,0.000130224,2.66E-90,3.11E-150,0,0,6.39E-194,5.79E-41
513,4.87E-08,0.020044844,0.010221531,0.00018761,5.23E-89,2.53E-148,0,0,3.14E-192,1.01E-40
514,2.98E-08,0.016272658,0.016770166,0.000268238,1.01E-87,2.00E-146,0,0,1.51E-190,1.78E-40
515,1.81E-08,0.013139006,0.026746802,0.000380611,1.89E-86,1.54E-144,0,0,7.18E-189,3.10E-40
516,1.09E-08,0.010551513,0.041468603,0.000535967,3.49E-85,1.15E-142,0,0,3.35E-187,5.41E-40
517,6.54E-09,0.008427819,0.0625,0.000749016,6.28E-84,8.37E-141,0,0,1.54E-185,9.43E-40
518,3.89E-09,0.006695204,0.0915701,0.001038821,1.11E-82,5.91E-139,0,0,6.92E-184,1.64E-39
519,2.29E-09,0.005290061,0.130418866,0.001429839,1.91E-81,4.06E-137,0,0,3.06E-182,2.84E-39
520,1.35E-09,0.004157246,0.180567762,0.001953125,3.23E-80,2.71E-135,0,0,1.33E-180,4.93E-39
521,7.83E-10,0.003249368,0.243026185,0.002647704,5.34E-79,1.76E-133,0,0,5.71E-179,8.52E-39
522,4.53E-10,0.002526041,0.317964758,0.003562093,8.64E-78,1.11E-131,0,0,2.40E-177,1.47E-38
523,2.60E-10,0.001953125,0.404406349,0.004755954,1.37E-76,6.82E-130,0,0,9.94E-176,2.54E-38
524,1.48E-10,0.001501993,0.5,0.006301829,2.12E-75,4.06E-128,0,0,4.04E-174,4.36E-38
525,8.38E-11,0.001148825,0.600945525,0.008286899,3.21E-74,2.36E-126,0,0,1.62E-172,7.50E-38
526,4.71E-11,0.000873953,0.702123109,0.010814688,4.76E-73,1.33E-124,0,8.87E-306,6.35E-171,1.29E-37
527,2.63E-11,0.000661258,0.797451889,0.014006591,6.91E-72,7.27E-123,0,1.36E-302,2.45E-169,2.20E-37
528,1.46E-11,0.000497624,0.880458268,0.018003105,9.81E-71,3.87E-121,0,2.01E-299,9.32E-168,3.76E-37
529,8.00E-12,0.00037246,0.944987628,0.022964601,1.36E-69,2.00E-119,0,2.85E-296,3.48E-166,6.42E-37
530,4.37E-12,0.000277273,0.985953722,0.029071465,1.85E-68,1.01E-117,0,3.90E-293,1.28E-164,1.09E-36
531,2.37E-12,0.000205297,1,0.036523421,2.47E-67,4.93E-116,0,5.13E-290,4.60E-163,1.86E-36
532,1.28E-12,0.000151184,0.985953722,0.045537846,3.21E-66,2.35E-114,0,6.49E-287,1.63E-161,3.15E-36
533,6.83E-13,0.000110733,0.944987628,0.056346902,4.10E-65,1.08E-112,0,7.91E-284,5.69E-160,5.35E-36
534,3.63E-13,8.07E-05,0.880458268,0.069193312,5.11E-64,4.87E-111,0,9.27E-281,1.95E-158,9.04E-36
535,1.91E-13,5.84E-05,0.797451889,0.084324681,6.24E-63,2.13E-109,0,1.04E-277,6.57E-157,1.53E-35
536,1.00E-13,4.21E-05,0.702123109,0.101986294,7.45E-62,9.04E-108,0,1.13E-274,2.18E-155,2.57E-35
537,5.20E-14,3.02E-05,0.600945525,0.122412405,8.71E-61,3.73E-106,0,1.18E-271,7.08E-154,4.33E-35
538,2.69E-14,2.15E-05,0.5,0.14581613,9.96E-60,1.50E-104,0,1.19E-268,2.27E-152,7.28E-35
539,1.38E-14,1.53E-05,0.404406349,0.172378152,1.11E-58,5.84E-103,0,1.15E-265,7.13E-151,1.22E-34
540,7.01E-15,1.08E-05,0.317964758,0.202234566,1.22E-57,2.22E-101,0,1.07E-262,2.20E-149,2.04E-34
541,3.54E-15,7.55E-06,0.243026185,0.2354643,1.31E-56,8.17E-100,0,9.56E-260,6.70E-148,3.42E-34
542,1.78E-15,5.26E-06,0.180567762,0.272076649,1.37E-55,2.93E-98,0,8.23E-257,2.00E-146,5.70E-34
543,8.85E-16,3.65E-06,0.130418866,0.311999563,1.41E-54,1.02E-96,0,6.82E-254,5.88E-145,9.50E-34
544,4.38E-16,2.52E-06,0.0915701,0.355069376,1.41E-53,3.45E-95,0,5.44E-251,1.70E-143,1.58E-33
545,2.15E-16,1.73E-06,0.0625,0.401022706,1.39E-52,1.14E-93,0,4.17E-248,4.82E-142,2.62E-33
546,1.05E-16,1.18E-06,0.041468603,0.449491233,1.34E-51,3.64E-92,3.86E-305,3.08E-245,1.35E-140,4.35E-33
547,5.08E-17,8.02E-07,0.026746802,0.5,1.26E-50,1.13E-90,2.53E-301,2.19E-242,3.69E-139,7.19E-33
548,2.44E-17,5.42E-07,0.016770166,0.551969777,1.16E-49,3.42E-89,1.57E-297,1.49E-239,9.95E-138,1.19E-32
549,1.17E-17,3.64E-07,0.010221531,0.604723866,1.04E-48,1.01E-87,9.23E-294,9.83E-237,2.64E-136,1.96E-32
550,5.53E-18,2.43E-07,0.006056303,0.657499512,9.21E-48,2.87E-86,5.13E-290,6.22E-234,6.87E-135,3.22E-32
551,2.61E-18,1.61E-07,0.003488288,0.709463858,7.94E-47,7.98E-85,2.70E-286,3.79E-231,1.76E-133,5.30E-32
552,1.22E-18,1.07E-07,0.001953125,0.759734125,6.71E-46,2.16E-83,1.34E-282,2.22E-228,4.43E-132,8.69E-32
553,5.65E-19,7.01E-08,0.001063068,0.807401417,5.54E-45,5.66E-82,6.31E-279,1.25E-225,1.10E-130,1.42E-31
554,2.61E-19,4.58E-08,0.000562477,0.85155734,4.48E-44,1.44E-80,2.81E-275,6.78E-223,2.67E-129,2.33E-31
555,1.19E-19,2.98E-08,0.000289309,0.891322361,3.55E-43,3.58E-79,1.18E-271,3.54E-220,6.39E-128,3.80E-31
556,5.42E-20,1.93E-08,0.000144654,0.925874712,2.75E-42,8.64E-78,4.71E-268,1.78E-217,1.50E-126,6.18E-31
557,2.45E-20,1.24E-08,7.03E-05,0.95447852,2.08E-41,2.02E-76,1.78E-264,8.59E-215,3.47E-125,1.01E-30
558,1.10E-20,7.93E-09,3.32E-05,0.976509813,1.54E-40,4.61E-75,6.33E-261,4.00E-212,7.89E-124,1.63E-30
559,4.88E-21,5.05E-09,1.53E-05,0.991479137,1.12E-39,1.02E-73,2.14E-257,1.79E-209,1.76E-122,2.65E-30
560,2.15E-21,3.19E-09,6.81E-06,0.999049633,7.96E-39,2.20E-72,6.82E-254,7.70E-207,3.87E-121,4.28E-30
561,9.45E-22,2.01E-09,2.96E-06,0.999049633,5.53E-38,4.61E-71,2.06E-250,3.19E-204,8.36E-120,6.92E-30
562,4.12E-22,1.26E-09,1.25E-06,0.991479137,3.76E-37,9.38E-70,5.88E-247,1.27E-201,1.77E-118,1.12E-29
563,1.78E-22,7.83E-10,5.12E-07,0.976509813,2.50E-36,1.85E-68,1.59E-243,4.88E-199,3.70E-117,1.80E-29
564,7.65E-23,4.85E-10,2.04E-07,0.95447852,1.63E-35,3.57E-67,4.06E-240,1.80E-196,7.59E-116,2.89E-29
565,3.26E-23,2.99E-10,7.91E-08,0.925874712,1.04E-34,6.67E-66,9.83E-237,6.39E-194,1.53E-114,4.63E-29
566,1.38E-23,1.83E-10,2.98E-08,0.891322361,6.48E-34,1.21E-64,2.25E-233,2.18E-191,3.03E-113,7.42E-29
567,5.81E-24,1.11E-10,1.09E-08,0.85155734,3.95E-33,2.14E-63,4.87E-230,7.18E-189,5.91E-112,1.19E-28
568,2.42E-24,6.76E-11,3.89E-09,0.807401417,2.36E-32,3.68E-62,9.97E-227,2.27E-186,1.13E-110,1.89E-28
569,1.00E-24,4.07E-11,1.35E-09,0.759734125,1.38E-31,6.14E-61,1.93E-223,6.92E-184,2.13E-109,3.02E-28
570,4.14E-25,2.44E-11,4.53E-10,0.709463858,7.89E-31,9.96E-60,3.54E-220,2.03E-181,3.94E-108,4.80E-28
571,1.69E-25,1.46E-11,1.48E-10,0.657499512,4.41E-30,1.57E-58,6.14E-217,5.71E-179,7.17E-107,7.62E-28
572,6.86E-26,8.63E-12,4.71E-11,0.604723866,2.42E-29,2.41E-57,1.01E-213,1.55E-176,1.28E-105,1.21E-27
573,2.76E-26,5.09E-12,1.46E-11,0.551969777,1.30E-28,3.59E-56,1.56E-210,4.04E-174,2.25E-104,1.91E-27
574,1.11E-26,2.99E-12,4.37E-12,0.5,6.79E-28,5.20E-55,2.30E-207,1.02E-171,3.89E-103,3.02E-27
575,4.40E-27,1.74E-12,1.28E-12,0.449491233,3.49E-27,7.33E-54,3.19E-204,2.45E-169,6.61E-102,4.77E-27
576,1.73E-27,1.01E-12,3.63E-13,0.401022706,1.75E-26,1.00E-52,4.19E-201,5.70E-167,1.10E-100,7.51E-27
577,6.79E-28,5.83E-13,1.00E-13,0.355069376,8.60E-26,1.34E-51,5.21E-198,1.28E-164,1.81E-99,1.18E-26
578,2.64E-28,3.35E-13,2.69E-14,0.311999563,4.14E-25,1.73E-50,6.13E-195,2.75E-162,2.93E-98,1.85E-26
579,1.02E-28,1.91E-13,7.01E-15,0.272076649,1.95E-24,2.18E-49,6.82E-192,5.69E-160,4.64E-97,2.90E-26
580,3.91E-29,1.09E-13,1.78E-15,0.2354643,8.96E-24,2.66E-48,7.18E-189,1.13E-157,7.24E-96,4.54E-26
581,1.49E-29,6.13E-14,4.38E-16,0.202234566,4.04E-23,3.16E-47,7.15E-186,2.18E-155,1.11E-94,7.08E-26
582,5.64E-30,3.44E-14,1.05E-16,0.172378152,1.78E-22,3.66E-46,6.74E-183,4.01E-153,1.67E-93,1.10E-25
583,2.12E-30,1.92E-14,2.44E-17,0.14581613,7.68E-22,4.11E-45,6.01E-180,7.13E-151,2.48E-92,1.72E-25
584,7.89E-31,1.07E-14,5.53E-18,0.122412405,3.24E-21,4.48E-44,5.07E-177,1.22E-148,3.61E-91,2.67E-25
585,2.92E-31,5.91E-15,1.22E-18,0.101986294,1.34E-20,4.76E-43,4.04E-174,2.00E-146,5.16E-90,4.14E-25
586,1.07E-31,3.25E-15,2.61E-19,0.084324681,5.42E-20,4.91E-42,3.05E-171,3.17E-144,7.27E-89,6.40E-25
587,3.92E-32,1.78E-15,5.42E-20,0.069193312,2.15E-19,4.93E-41,2.18E-168,4.82E-142,1.01E-87,9.89E-25
588,1.42E-32,9.66E-16,1.10E-20,0.056346902,8.31E-19,4.81E-40,1.47E-165,7.06E-140,1.37E-86,1.53E-24
589,5.11E-33,5.22E-16,2.15E-21,0.045537846,3.15E-18,4.56E-39,9.41E-163,9.95E-138,1.83E-85,2.35E-24
590,1.83E-33,2.81E-16,4.12E-22,0.036523421,1.17E-17,4.20E-38,5.69E-160,1.35E-135,2.40E-84,3.61E-24
591,6.48E-34,1.50E-16,7.65E-23,0.029071465,4.23E-17,3.76E-37,3.26E-157,1.76E-133,3.10E-83,5.55E-24
592,2.28E-34,8.00E-17,1.38E-23,0.022964601,1.50E-16,3.28E-36,1.76E-154,2.21E-131,3.94E-82,8.50E-24
593,7.98E-35,4.23E-17,2.42E-24,0.018003105,5.22E-16,2.77E-35,9.02E-152,2.67E-129,4.92E-81,1.30E-23
594,2.77E-35,2.23E-17,4.14E-25,0.014006591,1.78E-15,2.28E-34,4.37E-149,3.11E-127,6.04E-80,1.98E-23
595,9.57E-36,1.17E-17,6.86E-26,0.010814688,5.91E-15,1.83E-33,2.00E-146,3.47E-125,7.28E-79,3.03E-23
596,3.28E-36,6.08E-18,1.11E-26,0.008286899,1.92E-14,1.42E-32,8.68E-144,3.74E-123,8.64E-78,4.60E-23
597,1.11E-36,3.15E-18,1.73E-27,0.006301829,6.13E-14,1.07E-31,3.56E-141,3.87E-121,1.01E-76,6.99E-23
598,3.76E-37,1.62E-18,2.64E-28,0.004755954,1.91E-13,7.89E-31,1.38E-138,3.86E-119,1.15E-75,1.06E-22
599,1.26E-37,8.31E-19,3.91E-29,0.003562093,5.83E-13,5.64E-30,5.07E-136,3.70E-117,1.30E-74,1.61E-22
600,4.20E-38,4.23E-19,5.64E-30,0.002647704,1.74E-12,3.91E-29,1.76E-133,3.41E-115,1.44E-73,2.43E-22
601,1.39E-38,2.15E-19,7.89E-31,0.001953125,5.09E-12,2.64E-28,5.79E-131,3.03E-113,1.57E-72,3.66E-22
602,4.56E-39,1.08E-19,1.07E-31,0.001429839,1.46E-11,1.73E-27,1.80E-128,2.59E-111,1.68E-71,5.52E-22
603,1.49E-39,5.42E-20,1.42E-32,0.001038821,4.07E-11,1.11E-26,5.29E-126,2.13E-109,1.76E-70,8.29E-22
604,4.81E-40,2.70E-20,1.83E-33,0.000749016,1.11E-10,6.86E-26,1.47E-123,1.68E-107,1.82E-69,1.24E-21
605,1.54E-40,1.34E-20,2.28E-34,0.000535967,2.99E-10,4.14E-25,3.87E-121,1.28E-105,1.85E-68,1.87E-21
606,4.93E-41,6.61E-21,2.77E-35,0.000380611,7.83E-10,2.42E-24,9.64E-119,9.39E-104,1.85E-67,2.79E-21
607,1.56E-41,3.24E-21,3.28E-36,0.000268238,2.01E-09,1.38E-23,2.27E-116,6.61E-102,1.82E-66,4.17E-21
608,4.91E-42,1.58E-21,3.76E-37,0.00018761,5.05E-09,7.65E-23,5.06E-114,4.48E-100,1.76E-65,6.21E-21
609,1.53E-42,7.68E-22,4.20E-38,0.000130224,1.24E-08,4.12E-22,1.07E-111,2.93E-98,1.67E-64,9.25E-21
610,4.76E-43,3.71E-22,4.56E-39,8.97E-05,2.98E-08,2.15E-21,2.13E-109,1.84E-96,1.56E-63,1.37E-20
611,1.47E-43,1.78E-22,4.81E-40,6.13E-05,7.01E-08,1.10E-20,4.02E-107,1.11E-94,1.43E-62,2.04E-20
612,4.48E-44,8.50E-23,4.93E-41,4.16E-05,1.61E-07,5.42E-20,7.17E-105,6.45E-93,1.29E-61,3.02E-20
613,1.36E-44,4.04E-23,4.91E-42,2.80E-05,3.64E-07,2.61E-19,1.21E-102,3.61E-91,1.14E-60,4.46E-20
614,4.11E-45,1.91E-23,4.76E-43,1.87E-05,8.02E-07,1.22E-18,1.94E-100,1.94E-89,9.96E-60,6.58E-20
615,1.23E-45,8.96E-24,4.48E-44,1.24E-05,1.73E-06,5.53E-18,2.93E-98,1.01E-87,8.53E-59,9.70E-20
616,3.66E-46,4.19E-24,4.11E-45,8.17E-06,3.65E-06,2.44E-17,4.18E-96,5.01E-86,7.18E-58,1.43E-19
617,1.08E-46,1.95E-24,3.66E-46,5.34E-06,7.55E-06,1.05E-16,5.66E-94,2.40E-84,5.95E-57,2.09E-19
618,3.16E-47,9.00E-25,3.16E-47,3.46E-06,1.53E-05,4.38E-16,7.25E-92,1.11E-82,4.84E-56,3.07E-19
619,9.21E-48,4.14E-25,2.66E-48,2.22E-06,3.02E-05,1.78E-15,8.78E-90,4.92E-81,3.87E-55,4.49E-19
620,2.66E-48,1.89E-25,2.18E-49,1.42E-06,5.84E-05,7.01E-15,1.01E-87,2.10E-79,3.04E-54,6.56E-19
621,7.64E-49,8.60E-26,1.73E-50,9.00E-07,0.000110733,2.69E-14,1.09E-85,8.64E-78,2.35E-53,9.57E-19
622,2.18E-49,3.89E-26,1.34E-51,5.66E-07,0.000205297,1.00E-13,1.12E-83,3.42E-76,1.79E-52,1.39E-18
623,6.16E-50,1.75E-26,1.00E-52,3.53E-07,0.00037246,3.63E-13,1.08E-81,1.30E-74,1.34E-51,2.02E-18
624,1.73E-50,7.83E-27,7.33E-54,2.19E-07,0.000661258,1.28E-12,9.95E-80,4.76E-73,9.81E-51,2.94E-18
625,4.82E-51,3.49E-27,5.20E-55,1.34E-07,0.001148825,4.37E-12,8.64E-78,1.68E-71,7.09E-50,4.25E-18
626,1.34E-51,1.54E-27,3.59E-56,8.20E-08,0.001953125,1.46E-11,7.09E-76,5.69E-70,5.03E-49,6.15E-18
627,3.68E-52,6.79E-28,2.41E-57,4.96E-08,0.003249368,4.71E-11,5.51E-74,1.85E-68,3.51E-48,8.87E-18
628,1.00E-52,2.97E-28,1.57E-58,2.98E-08,0.005290061,1.48E-10,4.05E-72,5.82E-67,2.41E-47,1.28E-17
629,2.72E-53,1.30E-28,9.96E-60,1.78E-08,0.008427819,4.53E-10,2.82E-70,1.76E-65,1.62E-46,1.84E-17
630,7.33E-54,5.61E-29,6.14E-61,1.05E-08,0.013139006,1.35E-09,1.85E-68,5.11E-64,1.07E-45,2.64E-17
631,1.96E-54,2.42E-29,3.68E-62,6.17E-09,0.020044844,3.89E-09,1.15E-66,1.43E-62,7.00E-45,3.79E-17
632,5.20E-55,1.04E-29,2.14E-63,3.60E-09,0.029925103,1.09E-08,6.80E-65,3.85E-61,4.48E-44,5.42E-17
633,1.37E-55,4.41E-30,1.21E-64,2.08E-09,0.043718115,2.98E-08,3.79E-63,9.96E-60,2.82E-43,7.74E-17
634,3.59E-56,1.87E-30,6.67E-66,1.19E-09,0.0625,7.91E-08,2.00E-61,2.48E-58,1.75E-42,1.10E-16
635,9.33E-57,7.89E-31,3.57E-67,6.80E-10,0.08743623,2.04E-07,9.96E-60,5.95E-57,1.06E-41,1.57E-16
636,2.41E-57,3.31E-31,1.85E-68,3.84E-10,0.11970041,5.12E-07,4.70E-58,1.37E-55,6.36E-41,2.23E-16
637,6.17E-58,1.38E-31,9.38E-70,2.16E-10,0.160358752,1.25E-06,2.10E-56,3.04E-54,3.74E-40,3.17E-16
638,1.57E-58,5.72E-32,4.61E-71,1.20E-10,0.210224104,2.96E-06,8.85E-55,6.50E-53,2.16E-39,4.49E-16
639,3.97E-59,2.36E-32,2.20E-72,6.63E-11,0.269690199,6.81E-06,3.54E-53,1.34E-51,1.23E-38,6.35E-16
640,9.96E-60,9.69E-33,1.02E-73,3.64E-11,0.338563887,1.53E-05,1.34E-51,2.64E-50,6.85E-38,8.96E-16
641,2.48E-60,3.95E-33,4.61E-75,1.98E-11,0.415919145,3.32E-05,4.78E-50,5.03E-49,3.76E-37,1.26E-15
642,6.14E-61,1.60E-33,2.02E-76,1.07E-11,0.5,7.03E-05,1.62E-48,9.21E-48,2.03E-36,1.78E-15
643,1.51E-61,6.48E-34,8.64E-78,5.73E-12,0.588198496,0.000144654,5.17E-47,1.62E-46,1.08E-35,2.49E-15
644,3.68E-62,2.60E-34,3.58E-79,3.05E-12,0.677127773,0.000289309,1.57E-45,2.75E-45,5.62E-35,3.50E-15
645,8.90E-63,1.04E-34,1.44E-80,1.61E-12,0.762799075,0.000562477,4.48E-44,4.48E-44,2.88E-34,4.90E-15
646,2.14E-63,4.13E-35,5.66E-82,8.42E-13,0.840896415,0.001063068,1.22E-42,7.04E-43,1.45E-33,6.84E-15
647,5.11E-64,1.63E-35,2.16E-83,4.38E-13,0.907126088,0.001953125,3.11E-41,1.06E-41,7.19E-33,9.54E-15
648,1.21E-64,6.41E-36,7.98E-85,2.26E-13,0.957603281,0.003488288,7.55E-40,1.54E-40,3.50E-32,1.33E-14
649,2.85E-65,2.50E-36,2.87E-86,1.16E-13,0.989228013,0.006056303,1.73E-38,2.16E-39,1.68E-31,1.85E-14
650,6.67E-66,9.73E-37,1.01E-87,5.88E-14,1,0.010221531,3.76E-37,2.91E-38,7.89E-31,2.56E-14
651,1.55E-66,3.76E-37,3.42E-89,2.96E-14,0.989228013,0.016770166,7.72E-36,3.76E-37,3.65E-30,3.55E-14
652,3.57E-67,1.45E-37,1.13E-90,1.48E-14,0.957603281,0.026746802,1.50E-34,4.69E-36,1.66E-29,4.91E-14
653,8.16E-68,5.53E-38,3.64E-92,7.37E-15,0.907126088,0.041468603,2.76E-33,5.62E-35,7.42E-29,6.78E-14
654,1.85E-68,2.10E-38,1.14E-93,3.63E-15,0.840896415,0.0625,4.80E-32,6.48E-34,3.26E-28,9.35E-14
655,4.18E-69,7.96E-39,3.45E-95,1.78E-15,0.762799075,0.0915701,7.89E-31,7.19E-33,1.41E-27,1.29E-13
656,9.38E-70,2.99E-39,1.02E-96,8.62E-16,0.677127773,0.130418866,1.23E-29,7.68E-32,5.98E-27,1.77E-13
657,2.09E-70,1.12E-39,2.93E-98,4.15E-16,0.588198496,0.180567762,1.81E-28,7.89E-31,2.50E-26,2.42E-13
658,4.61E-71,4.17E-40,8.17E-100,1.99E-16,0.5,0.243026185,2.52E-27,7.80E-30,1.03E-25,3.32E-13
659,1.01E-71,1.54E-40,2.22E-101,9.43E-17,0.415919145,0.317964758,3.32E-26,7.42E-29,4.14E-25,4.53E-13
660,2.20E-72,5.69E-41,5.84E-103,4.44E-17,0.338563887,0.404406349,4.14E-25,6.79E-28,1.64E-24,6.18E-13
661,4.76E-73,2.08E-41,1.50E-104,2.07E-17,0.269690199,0.5,4.88E-24,5.98E-27,6.39E-24,8.42E-13
662,1.02E-73,7.59E-42,3.73E-106,9.62E-18,0.210224104,0.600945525,5.44E-23,5.07E-26,2.45E-23,1.14E-12
663,2.18E-74,2.75E-42,9.04E-108,4.43E-18,0.160358752,0.702123109,5.75E-22,4.14E-25,9.23E-23,1.55E-12
664,4.61E-75,9.90E-43,2.13E-109,2.02E-18,0.11970041,0.797451889,5.74E-21,3.25E-24,3.42E-22,2.11E-12
665,9.70E-76,3.55E-43,4.87E-111,9.17E-19,0.08743623,0.880458268,5.42E-20,2.45E-23,1.24E-21,2.85E-12
666,2.02E-76,1.26E-43,1.08E-112,4.13E-19,0.0625,0.944987628,4.85E-19,1.78E-22,4.46E-21,3.85E-12
667,4.20E-77,4.48E-44,2.35E-114,1.84E-19,0.043718115,0.985953722,4.10E-18,1.24E-21,1.57E-20,5.19E-12
668,8.64E-78,1.58E-44,4.93E-116,8.17E-20,0.029925103,1,3.28E-17,8.37E-21,5.42E-20,6.98E-12
669,1.76E-78,5.54E-45,1.01E-117,3.59E-20,0.020044844,0.985953722,2.48E-16,5.42E-20,1.84E-19,9.37E-12
670,3.58E-79,1.93E-45,2.00E-119,1.57E-20,0.013139006,0.944987628,1.78E-15,3.38E-19,6.16E-19,1.26E-11
671,7.22E-80,6.71E-46,3.87E-121,6.79E-21,0.008427819,0.880458268,1.20E-14,2.02E-18,2.02E-18,1.68E-11
672,1.44E-80,2.32E-46,7.27E-123,2.92E-21,0.005290061,0.797451889,7.71E-14,1.17E-17,6.54E-18,2.25E-11
673,2.87E-81,7.94E-47,1.33E-124,1.24E-21,0.003249368,0.702123109,4.68E-13,6.48E-17,2.07E-17,3.00E-11
674,5.66E-82,2.71E-47,2.36E-126,5.27E-22,0.001953125,0.600945525,2.68E-12,3.46E-16,6.48E-17,4.00E-11
675,1.11E-82,9.21E-48,4.06E-128,2.21E-22,0.001148825,0.5,1.46E-11,1.78E-15,1.99E-16,5.32E-11
676,2.16E-83,3.11E-48,6.82E-130,9.23E-23,0.000661258,0.404406349,7.47E-11,8.78E-15,5.99E-16,7.06E-11
677,4.16E-84,1.04E-48,1.11E-131,3.82E-23,0.00037246,0.317964758,3.63E-10,4.18E-14,1.78E-15,9.36E-11
678,7.98E-85,3.49E-49,1.76E-133,1.57E-23,0.000205297,0.243026185,1.67E-09,1.91E-13,5.18E-15,1.24E-10
679,1.52E-85,1.16E-49,2.71E-135,6.39E-24,0.000110733,0.180567762,7.25E-09,8.42E-13,1.48E-14,1.63E-10
680,2.87E-86,3.83E-50,4.06E-137,2.59E-24,5.84E-05,0.130418866,2.98E-08,3.57E-12,4.18E-14,2.16E-10
681,5.39E-87,1.26E-50,5.91E-139,1.04E-24,3.02E-05,0.0915701,1.16E-07,1.46E-11,1.16E-13,2.84E-10
682,1.01E-87,4.11E-51,8.37E-141,4.14E-25,1.53E-05,0.0625,4.27E-07,5.71E-11,3.15E-13,3.73E-10
683,1.86E-88,1.34E-51,1.15E-142,1.64E-25,7.55E-06,0.041468603,1.49E-06,2.16E-10,8.42E-13,4.89E-10
684,3.42E-89,4.32E-52,1.54E-144,6.42E-26,3.65E-06,0.026746802,4.90E-06,7.83E-10,2.21E-12,6.40E-10
685,6.24E-90,1.39E-52,2.00E-146,2.50E-26,1.73E-06,0.016770166,1.53E-05,2.74E-09,5.73E-12,8.37E-10
686,1.13E-90,4.44E-53,2.53E-148,9.65E-27,8.02E-07,0.010221531,4.50E-05,9.21E-09,1.46E-11,1.09E-09
687,2.04E-91,1.41E-53,3.11E-150,3.70E-27,3.64E-07,0.006056303,0.000125502,2.98E-08,3.64E-11,1.42E-09
688,3.64E-92,4.47E-54,3.71E-152,1.41E-27,1.61E-07,0.003488288,0.000331202,9.28E-08,8.93E-11,1.85E-09
689,6.45E-93,1.41E-54,4.31E-154,5.32E-28,7.01E-08,0.001953125,0.0008269,2.78E-07,2.16E-10,2.40E-09
690,1.14E-93,4.41E-55,4.86E-156,1.99E-28,2.98E-08,0.001063068,0.001953125,8.02E-07,5.12E-10,3.12E-09
691,1.99E-94,1.37E-55,5.34E-158,7.42E-29,1.24E-08,0.000562477,0.004364403,2.22E-06,1.19E-09,4.03E-09
692,3.45E-95,4.25E-56,5.69E-160,2.74E-29,5.05E-09,0.000289309,0.009226505,5.94E-06,2.74E-09,5.21E-09
693,5.95E-96,1.31E-56,5.90E-162,1.00E-29,2.01E-09,0.000144654,0.01845301,1.53E-05,6.17E-09,6.72E-09
694,1.02E-96,4.01E-57,5.95E-164,3.65E-30,7.83E-10,7.03E-05,0.034915223,3.77E-05,1.37E-08,8.65E-09
695,1.73E-97,1.22E-57,5.82E-166,1.32E-30,2.99E-10,3.32E-05,0.0625,8.97E-05,2.98E-08,1.11E-08
696,2.93E-98,3.70E-58,5.55E-168,4.72E-31,1.11E-10,1.53E-05,0.105843164,0.000205297,6.38E-08,1.43E-08
697,4.91E-99,1.11E-58,5.14E-170,1.68E-31,4.07E-11,6.81E-06,0.169575541,0.000452087,1.34E-07,1.83E-08
698,8.17E-100,3.34E-59,4.62E-172,5.91E-32,1.46E-11,2.96E-06,0.257028457,0.00095794,2.78E-07,2.33E-08
699,1.35E-100,9.96E-60,4.04E-174,2.07E-32,5.09E-12,1.25E-06,0.368567304,0.001953125,5.66E-07,2.98E-08
700,2.22E-101,2.95E-60,3.44E-176,7.19E-33,1.74E-12,5.12E-07,0.5,0.003831758,1.13E-06,3.80E-08
701,3.61E-102,8.71E-61,2.84E-178,2.48E-33,5.83E-13,2.04E-07,0.641712949,0.007233396,2.22E-06,4.83E-08
702,5.84E-103,2.55E-61,2.28E-180,8.48E-34,1.91E-13,7.91E-08,0.77916458,0.013139006,4.30E-06,6.13E-08
703,9.39E-104,7.45E-62,1.78E-182,2.88E-34,6.13E-14,2.98E-08,0.895025071,0.022964601,8.17E-06,7.78E-08
704,1.50E-104,2.16E-62,1.36E-184,9.70E-35,1.92E-14,1.09E-08,0.972654947,0.038621702,1.53E-05,9.84E-08
705,2.37E-105,6.24E-63,1.00E-186,3.24E-35,5.91E-15,3.89E-09,1,0.0625,2.80E-05,1.24E-07
706,3.73E-106,1.79E-63,7.18E-189,1.08E-35,1.78E-15,1.35E-09,0.972654947,0.097320591,5.06E-05,1.57E-07
707,5.83E-107,5.11E-64,5.01E-191,3.55E-36,5.22E-16,4.53E-10,0.895025071,0.14581613,8.97E-05,1.97E-07
708,9.04E-108,1.45E-64,3.40E-193,1.16E-36,1.50E-16,1.48E-10,0.77916458,0.210224104,0.000156454,2.48E-07
709,1.39E-108,4.10E-65,2.24E-195,3.76E-37,4.23E-17,4.71E-11,0.641712949,0.29163226,0.000268238,3.11E-07
710,2.13E-109,1.15E-65,1.44E-197,1.21E-37,1.17E-17,1.46E-11,0.5,0.389282363,0.000452087,3.90E-07
711,3.23E-110,3.21E-66,8.95E-200,3.87E-38,3.15E-18,4.37E-12,0.368567304,0.5,0.000749016,4.88E-07
712,4.87E-111,8.93E-67,5.42E-202,1.23E-38,8.31E-19,1.28E-12,0.257028457,0.617947233,0.001219908,6.09E-07
713,7.30E-112,2.47E-67,3.19E-204,3.86E-39,2.15E-19,3.63E-13,0.169575541,0.734867246,0.001953125,7.59E-07
714,1.08E-112,6.78E-68,1.83E-206,1.21E-39,5.42E-20,1.00E-13,0.105843164,0.840896415,0.003073975,9.45E-07
715,1.60E-113,1.85E-68,1.02E-208,3.74E-40,1.34E-20,2.69E-14,0.0625,0.925874712,0.004755954,1.17E-06
716,2.35E-114,5.04E-69,5.49E-211,1.15E-40,3.24E-21,7.01E-15,0.034915223,0.980930088,0.007233396,1.45E-06
717,3.41E-115,1.36E-69,2.89E-213,3.51E-41,7.68E-22,1.78E-15,0.01845301,1,0.010814688,1.80E-06
718,4.93E-116,3.67E-70,1.48E-215,1.06E-41,1.78E-22,4.38E-16,0.009226505,0.980930088,0.015894719,2.22E-06
719,7.08E-117,9.81E-71,7.33E-218,3.20E-42,4.04E-23,1.05E-16,0.004364403,0.925874712,0.022964601,2.74E-06
720,1.01E-117,2.61E-71,3.54E-220,9.53E-43,8.96E-24,2.44E-17,0.001953125,0.840896415,0.032616107,3.38E-06
721,1.43E-118,6.91E-72,1.66E-222,2.82E-43,1.95E-24,5.53E-18,0.0008269,0.734867246,0.045537846,4.16E-06
722,2.00E-119,1.82E-72,7.59E-225,8.30E-44,4.14E-25,1.22E-18,0.000331202,0.617947233,0.0625,5.10E-06
723,2.80E-120,4.76E-73,3.37E-227,2.42E-44,8.60E-26,2.61E-19,0.000125502,0.5,0.084324681,6.25E-06
724,3.87E-121,1.24E-73,1.45E-229,7.00E-45,1.75E-26,5.42E-20,4.50E-05,0.389282363,0.111839845,7.64E-06
725,5.33E-122,3.21E-74,6.09E-232,2.01E-45,3.49E-27,1.10E-20,1.53E-05,0.29163226,0.14581613,9.33E-06
726,7.27E-123,8.26E-75,2.48E-234,5.73E-46,6.79E-28,2.15E-21,4.90E-06,0.210224104,0.186888139,1.14E-05
727,9.86E-124,2.12E-75,9.83E-237,1.62E-46,1.30E-28,4.12E-22,1.49E-06,0.14581613,0.2354643,1.38E-05
728,1.33E-124,5.39E-76,3.79E-239,4.55E-47,2.42E-29,7.65E-23,4.27E-07,0.097320591,0.29163226,1.68E-05
729,1.77E-125,1.37E-76,1.42E-241,1.27E-47,4.41E-30,1.38E-23,1.16E-07,0.0625,0.355069376,2.04E-05
730,2.36E-126,3.45E-77,5.16E-244,3.51E-48,7.89E-31,2.42E-24,2.98E-08,0.038621702,0.424969762,2.47E-05
731,3.11E-127,8.64E-78,1.82E-246,9.63E-49,1.38E-31,4.14E-25,7.25E-09,0.022964601,0.5,2.98E-05
732,4.06E-128,2.15E-78,6.28E-249,2.62E-49,2.36E-32,6.86E-26,1.67E-09,0.013139006,0.578294603,3.60E-05
733,5.28E-129,5.34E-79,2.10E-251,7.09E-50,3.95E-33,1.11E-26,3.63E-10,0.007233396,0.657499512,4.34E-05
734,6.82E-130,1.32E-79,6.82E-254,1.90E-50,6.48E-34,1.73E-27,7.47E-11,0.003831758,0.734867246,5.21E-05
735,8.73E-131,3.23E-80,2.15E-256,5.06E-51,1.04E-34,2.64E-28,1.46E-11,0.001953125,0.807401417,6.26E-05
736,1.11E-131,7.88E-81,6.62E-259,1.34E-51,1.63E-35,3.91E-29,2.68E-12,0.00095794,0.872041764,7.50E-05
737,1.40E-132,1.91E-81,1.98E-261,3.50E-52,2.50E-36,5.64E-30,4.68E-13,0.000452087,0.925874712,8.97E-05
738,1.76E-133,4.62E-82,5.73E-264,9.12E-53,3.76E-37,7.89E-31,7.71E-14,0.000205297,0.966349711,0.000107129
739,2.19E-134,1.11E-82,1.62E-266,2.35E-53,5.53E-38,1.07E-31,1.20E-14,8.97E-05,0.991479137,0.000127718
740,2.71E-135,2.65E-83,4.44E-269,6.03E-54,7.96E-39,1.42E-32,1.78E-15,3.77E-05,1,0.000152005
741,3.33E-136,6.28E-84,1.18E-271,1.53E-54,1.12E-39,1.83E-33,2.48E-16,1.53E-05,0.991479137,0.000180601
742,4.06E-137,1.48E-84,3.07E-274,3.87E-55,1.54E-40,2.28E-34,3.28E-17,5.94E-06,0.966349711,0.000214212
743,4.92E-138,3.49E-85,7.73E-277,9.70E-56,2.08E-41,2.77E-35,4.10E-18,2.22E-06,0.925874712,0.000253644
744,5.91E-139,8.14E-86,1.89E-279,2.41E-56,2.75E-42,3.28E-36,4.85E-19,8.02E-07,0.872041764,0.000299823
745,7.06E-140,1.89E-86,4.50E-282,5.95E-57,3.55E-43,3.76E-37,5.42E-20,2.78E-07,0.807401417,0.000353805
746,8.37E-141,4.37E-87,1.04E-284,1.46E-57,4.48E-44,4.20E-38,5.74E-21,9.28E-08,0.734867246,0.000416794
747,9.85E-142,1.01E-87,2.35E-287,3.54E-58,5.54E-45,4.56E-39,5.75E-22,2.98E-08,0.657499512,0.00049016
748,1.15E-142,2.30E-88,5.13E-290,8.53E-59,6.71E-46,4.81E-40,5.44E-23,9.21E-09,0.578294603,0.000575457
749,1.34E-143,5.23E-89,1.09E-292,2.04E-59,7.94E-47,4.93E-41,4.88E-24,2.74E-09,0.5,0.000674446
750,1.54E-144,1.18E-89,2.25E-295,4.85E-60,9.21E-48,4.91E-42,4.14E-25,7.83E-10,0.424969762,0.000789114
751,1.76E-145,2.66E-90,4.53E-298,1.14E-60,1.04E-48,4.76E-43,3.32E-26,2.16E-10,0.355069376,0.000921703
752,2.00E-146,5.95E-91,8.85E-301,2.67E-61,1.16E-49,4.48E-44,2.52E-27,5.71E-11,0.29163226,0.001074735
753,2.26E-147,1.32E-91,1.68E-303,6.20E-62,1.26E-50,4.11E-45,1.81E-28,1.46E-11,0.2354643,0.001251037
754,2.53E-148,2.93E-92,3.10E-306,1.43E-62,1.34E-51,3.66E-46,1.23E-29,3.57E-12,0.186888139,0.001453778
755,2.81E-149,6.45E-93,0,3.27E-63,1.39E-52,3.16E-47,7.89E-31,8.42E-13,0.14581613,0.001686494
756,3.11E-150,1.41E-93,0,7.41E-64,1.41E-53,2.66E-48,4.80E-32,1.91E-13,0.111839845,0.001953125
757,3.41E-151,3.08E-94,0,1.67E-64,1.41E-54,2.18E-49,2.76E-33,4.18E-14,0.084324681,0.002258053
758,3.71E-152,6.66E-95,0,3.73E-65,1.37E-55,1.73E-50,1.50E-34,8.78E-15,0.0625,0.002606136
759,4.01E-153,1.43E-95,0,8.27E-66,1.31E-56,1.34E-51,7.72E-36,1.78E-15,0.045537846,0.003002747
760,4.31E-154,3.07E-96,0,1.82E-66,1.22E-57,1.00E-52,3.76E-37,3.46E-16,0.032616107,0.003453816
761,4.59E-155,6.55E-97,0,3.98E-67,1.11E-58,7.33E-54,1.73E-38,6.48E-17,0.022964601,0.003965869
762,4.86E-156,1.39E-97,0,8.62E-68,9.96E-60,5.20E-55,7.55E-40,1.17E-17,0.015894719,0.004546073
763,5.11E-157,2.93E-98,0,1.85E-68,8.71E-61,3.59E-56,3.11E-41,2.02E-18,0.010814688,0.005202273
764,5.34E-158,6.13E-99,0,3.96E-69,7.45E-62,2.41E-57,1.22E-42,3.38E-19,0.007233396,0.005943041
765,5.53E-159,1.28E-99,0,8.39E-70,6.24E-63,1.57E-58,4.48E-44,5.42E-20,0.004755954,0.006777711
766,5.69E-160,2.65E-100,0,1.76E-70,5.11E-64,9.96E-60,1.57E-45,8.37E-21,0.003073975,0.007716425
767,5.81E-161,5.47E-101,0,3.68E-71,4.10E-65,6.14E-61,5.17E-47,1.24E-21,0.001953125,0.00877017
768,5.90E-162,1.12E-101,0,7.62E-72,3.21E-66,3.68E-62,1.62E-48,1.78E-22,0.001219908,0.009950815
769,5.94E-163,2.29E-102,0,1.57E-72,2.47E-67,2.14E-63,4.78E-50,2.45E-23,0.000749016,0.011271147
770,5.95E-164,4.65E-103,0,3.20E-73,1.85E-68,1.21E-64,1.34E-51,3.25E-24,0.000452087,0.012744896
771,5.91E-165,9.39E-104,0,6.47E-74,1.36E-69,6.67E-66,3.54E-53,4.14E-25,0.000268238,0.014386769
772,5.82E-166,1.88E-104,0,1.30E-74,9.81E-71,3.57E-67,8.85E-55,5.07E-26,0.000156454,0.016212464
773,5.70E-167,3.76E-105,0,2.59E-75,6.91E-72,1.85E-68,2.10E-56,5.98E-27,8.97E-05,0.018238686
774,5.55E-168,7.47E-106,0,5.13E-76,4.76E-73,9.38E-70,4.70E-58,6.79E-28,5.06E-05,0.020483154
775,5.36E-169,1.48E-106,0,1.01E-76,3.21E-74,4.61E-71,9.96E-60,7.42E-29,2.80E-05,0.022964601
776,5.14E-170,2.90E-107,0,1.96E-77,2.12E-75,2.20E-72,2.00E-61,7.80E-30,1.53E-05,0.02570276
777,4.89E-171,5.67E-108,0,3.79E-78,1.37E-76,1.02E-73,3.79E-63,7.89E-31,8.17E-06,0.028718343
778,4.62E-172,1.10E-108,0,7.28E-79,8.64E-78,4.61E-75,6.80E-65,7.68E-32,4.30E-06,0.032033013
779,4.34E-173,2.13E-109,0,1.39E-79,5.34E-79,2.02E-76,1.15E-66,7.19E-33,2.22E-06,0.03566933
780,4.04E-174,4.09E-110,0,2.62E-80,3.23E-80,8.64E-78,1.85E-68,6.48E-34,1.13E-06,0.039650704
781,3.74E-175,7.83E-111,0,4.92E-81,1.91E-81,3.58E-79,2.82E-70,5.62E-35,5.66E-07,0.044001312
782,3.44E-176,1.49E-111,0,9.16E-82,1.11E-82,1.44E-80,4.05E-72,4.69E-36,2.78E-07,0.048746016
783,3.14E-177,2.82E-112,0,1.69E-82,6.28E-84,5.66E-82,5.51E-74,3.76E-37,1.34E-07,0.053910257
784,2.84E-178,5.30E-113,0,3.10E-83,3.49E-85,2.16E-83,7.09E-76,2.91E-38,6.38E-08,0.059519936
785,2.56E-179,9.91E-114,0,5.65E-84,1.89E-86,7.98E-85,8.64E-78,2.16E-39,2.98E-08,0.065601274
786,2.28E-180,1.84E-114,0,1.02E-84,1.01E-87,2.87E-86,9.95E-80,1.54E-40,1.37E-08,0.072180664
787,2.03E-181,3.41E-115,0,1.83E-85,5.23E-89,1.01E-87,1.08E-81,1.06E-41,6.17E-09,0.079284492
788,1.78E-182,6.29E-116,0,3.25E-86,2.66E-90,3.42E-89,1.12E-83,7.04E-43,2.74E-09,0.086938951
789,1.56E-183,1.15E-116,0,5.74E-87,1.32E-91,1.13E-90,1.09E-85,4.48E-44,1.19E-09,0.095169836
790,1.36E-184,2.10E-117,0,1.01E-87,6.45E-93,3.64E-92,1.01E-87,2.75E-45,5.12E-10,0.104002319
791,1.17E-185,3.80E-118,0,1.75E-88,3.08E-94,1.14E-93,8.78E-90,1.62E-46,2.16E-10,0.11346071
792,1.00E-186,6.84E-119,0,3.02E-89,1.43E-95,3.45E-95,7.25E-92,9.21E-48,8.93E-11,0.123568207
793,8.51E-188,1.23E-119,0,5.16E-90,6.55E-97,1.02E-96,5.66E-94,5.03E-49,3.64E-11,0.134346627
794,7.18E-189,2.18E-120,0,8.78E-91,2.93E-98,2.93E-98,4.18E-96,2.64E-50,1.46E-11,0.14581613
795,6.02E-190,3.87E-121,0,1.48E-91,1.28E-99,8.17E-100,2.93E-98,1.34E-51,5.73E-12,0.157994927
796,5.01E-191,6.83E-122,0,2.48E-92,5.47E-101,2.22E-101,1.94E-100,6.50E-53,2.21E-12,0.170898988
797,4.14E-192,1.20E-122,0,4.11E-93,2.29E-102,5.84E-103,1.21E-102,3.04E-54,8.42E-13,0.184541742
798,3.40E-193,2.09E-123,0,6.78E-94,9.39E-104,1.50E-104,7.17E-105,1.37E-55,3.15E-13,0.198933771
799,2.77E-194,3.62E-124,0,1.11E-94,3.76E-105,3.73E-106,4.02E-107,5.95E-57,1.16E-13,0.21408251
800,2.24E-195,6.25E-125,0,1.80E-95,1.48E-106,9.04E-108,2.13E-109,2.48E-58,4.18E-14,0.229991951
801,1.80E-196,1.07E-125,0,2.90E-96,5.67E-108,2.13E-109,1.07E-111,9.96E-60,1.48E-14,0.246662348
802,1.44E-197,1.83E-126,0,4.64E-97,2.13E-109,4.87E-111,5.06E-114,3.85E-61,5.18E-15,0.264089942
803,1.14E-198,3.11E-127,0,7.37E-98,7.83E-111,1.08E-112,2.27E-116,1.43E-62,1.78E-15,0.282266693
804,8.95E-200,5.24E-128,0,1.16E-98,2.82E-112,2.35E-114,9.64E-119,5.11E-64,5.99E-16,0.301180039
805,6.99E-201,8.80E-129,0,1.81E-99,9.91E-114,4.93E-116,3.87E-121,1.76E-65,1.99E-16,0.320812668
806,5.42E-202,1.47E-129,0,2.81E-100,3.41E-115,1.01E-117,1.47E-123,5.82E-67,6.48E-17,0.341142328
807,4.17E-203,2.44E-130,0,4.33E-101,1.15E-116,2.00E-119,5.29E-126,1.85E-68,2.07E-17,0.362141656
808,3.19E-204,4.03E-131,0,6.61E-102,3.80E-118,3.87E-121,1.80E-128,5.69E-70,6.54E-18,0.38377805
809,2.42E-205,6.63E-132,0,1.00E-102,1.23E-119,7.27E-123,5.79E-131,1.68E-71,2.02E-18,0.406013577
810,1.83E-206,1.08E-132,0,1.51E-103,3.87E-121,1.33E-124,1.76E-133,4.76E-73,6.16E-19,0.428804916
811,1.37E-207,1.76E-133,0,2.25E-104,1.20E-122,2.36E-126,5.07E-136,1.30E-74,1.84E-19,0.452103356
812,1.02E-208,2.85E-134,0,3.34E-105,3.62E-124,4.06E-128,1.38E-138,3.42E-76,5.42E-20,0.475854828
813,7.50E-210,4.58E-135,0,4.91E-106,1.07E-125,6.82E-130,3.56E-141,8.64E-78,1.57E-20,0.5
814,5.49E-211,7.32E-136,0,7.17E-107,3.11E-127,1.11E-131,8.68E-144,2.10E-79,4.46E-21,0.524474411
815,4.00E-212,1.16E-136,0,1.04E-107,8.80E-129,1.76E-133,2.00E-146,4.92E-81,1.24E-21,0.549208662
816,2.89E-213,1.84E-137,0,1.49E-108,2.44E-130,2.71E-135,4.37E-149,1.11E-82,3.42E-22,0.574128661
817,2.07E-214,2.90E-138,0,2.13E-109,6.63E-132,4.06E-137,9.02E-152,2.40E-84,9.23E-23,0.599155917
818,1.48E-215,4.54E-139,0,3.01E-110,1.76E-133,5.91E-139,1.76E-154,5.01E-86,2.45E-23,0.624207887
819,1.04E-216,7.06E-140,0,4.24E-111,4.58E-135,8.37E-141,3.26E-157,1.01E-87,6.39E-24,0.649198379
820,7.33E-218,1.09E-140,0,5.91E-112,1.16E-136,1.15E-142,5.69E-160,1.94E-89,1.64E-24,0.674037992
821,5.11E-219,1.68E-141,0,8.17E-113,2.90E-138,1.54E-144,9.41E-163,3.61E-91,4.14E-25,0.698634617
822,3.54E-220,2.58E-142,0,1.12E-113,7.06E-140,2.00E-146,1.47E-165,6.45E-93,1.03E-25,0.722893967
823,2.43E-221,3.93E-143,0,1.53E-114,1.68E-141,2.53E-148,2.18E-168,1.11E-94,2.50E-26,0.746720157
824,1.66E-222,5.95E-144,0,2.07E-115,3.93E-143,3.11E-150,3.05E-171,1.84E-96,5.98E-27,0.770016311
825,1.13E-223,8.96E-145,0,2.78E-116,8.96E-145,3.71E-152,4.04E-174,2.93E-98,1.41E-27,0.792685199
826,7.59E-225,1.34E-145,0,3.70E-117,2.00E-146,4.31E-154,5.07E-177,4.48E-100,3.26E-28,0.814629905
827,5.07E-226,2.00E-146,0,4.89E-118,4.38E-148,4.86E-156,6.01E-180,6.61E-102,7.42E-29,0.8357545
828,3.37E-227,2.97E-147,0,6.42E-119,9.36E-150,5.34E-158,6.74E-183,9.39E-104,1.66E-29,0.855964737
829,2.22E-228,4.38E-148,0,8.36E-120,1.96E-151,5.69E-160,7.15E-186,1.28E-105,3.65E-30,0.875168743
830,1.45E-229,6.42E-149,0,1.08E-120,4.01E-153,5.90E-162,7.18E-189,1.68E-107,7.89E-31,0.893277712
831,9.43E-231,9.36E-150,0,1.39E-121,8.05E-155,5.95E-164,6.82E-192,2.13E-109,1.68E-31,0.910206584
832,6.09E-232,1.36E-150,0,1.76E-122,1.58E-156,5.82E-166,6.13E-195,2.59E-111,3.50E-32,0.925874712
833,3.90E-233,1.96E-151,0,2.23E-123,3.03E-158,5.55E-168,5.21E-198,3.03E-113,7.19E-33,0.940206496
834,2.48E-234,2.81E-152,0,2.79E-124,5.69E-160,5.14E-170,4.19E-201,3.41E-115,1.45E-33,0.953131993
835,1.57E-235,4.01E-153,0,3.47E-125,1.05E-161,4.62E-172,3.19E-204,3.70E-117,2.88E-34,0.964587484
836,9.83E-237,5.70E-154,0,4.29E-126,1.88E-163,4.04E-174,2.30E-207,3.86E-119,5.62E-35,0.974515996
837,6.12E-238,8.05E-155,0,5.26E-127,3.31E-165,3.44E-176,1.56E-210,3.87E-121,1.08E-35,0.982867777
838,3.79E-239,1.13E-155,0,6.39E-128,5.70E-167,2.84E-178,1.01E-213,3.74E-123,2.03E-36,0.989600707
839,2.32E-240,1.58E-156,0,7.71E-129,9.61E-169,2.28E-180,6.14E-217,3.47E-125,3.76E-37,0.994680656
840,1.42E-241,2.19E-157,0,9.24E-130,1.59E-170,1.78E-182,3.54E-220,3.11E-127,6.85E-38,0.998081767
841,8.58E-243,3.03E-158,0,1.10E-130,2.56E-172,1.36E-184,1.93E-223,2.67E-129,1.23E-38,0.999786681
842,5.16E-244,4.16E-159,0,1.29E-131,4.04E-174,1.00E-186,9.97E-227,2.21E-131,2.16E-39,0.999786681
843,3.08E-245,5.69E-160,0,1.52E-132,6.25E-176,7.18E-189,4.87E-230,1.76E-133,3.74E-40,0.998081767
844,1.82E-246,7.74E-161,0,1.76E-133,9.45E-178,5.01E-191,2.25E-233,1.35E-135,6.36E-41,0.994680656
845,1.07E-247,1.05E-161,0,2.03E-134,1.40E-179,3.40E-193,9.83E-237,9.95E-138,1.06E-41,0.989600707
846,6.28E-249,1.41E-162,0,2.32E-135,2.03E-181,2.24E-195,4.06E-240,7.06E-140,1.75E-42,0.982867777
847,3.64E-250,1.88E-163,0,2.64E-136,2.87E-183,1.44E-197,1.59E-243,4.82E-142,2.82E-43,0.974515996
848,2.10E-251,2.50E-164,0,2.97E-137,3.98E-185,8.95E-200,5.88E-247,3.17E-144,4.48E-44,0.964587484
849,1.20E-252,3.31E-165,0,3.33E-138,5.41E-187,5.42E-202,2.06E-250,2.00E-146,7.00E-45,0.953131993
850,6.82E-254,4.36E-166,0,3.69E-139,7.18E-189,3.19E-204,6.82E-254,1.22E-148,1.07E-45,0.940206496
851,3.85E-255,5.70E-167,0,4.07E-140,9.33E-191,1.83E-206,2.14E-257,7.13E-151,1.62E-46,0.925874712
852,2.15E-256,7.43E-168,0,4.44E-141,1.19E-192,1.02E-208,6.33E-261,4.01E-153,2.41E-47,0.910206584
853,1.20E-257,9.61E-169,0,4.82E-142,1.48E-194,5.49E-211,1.78E-264,2.18E-155,3.51E-48,0.893277712
854,6.62E-259,1.24E-169,0,5.19E-143,1.80E-196,2.89E-213,4.71E-268,1.13E-157,5.03E-49,0.875168743
855,3.63E-260,1.59E-170,0,5.55E-144,2.15E-198,1.48E-215,1.18E-271,5.69E-160,7.09E-50,0.855964737
856,1.98E-261,2.02E-171,0,5.88E-145,2.50E-200,7.33E-218,2.81E-275,2.75E-162,9.81E-51,0.8357545
857,1.07E-262,2.56E-172,0,6.19E-146,2.86E-202,3.54E-220,6.31E-279,1.28E-164,1.34E-51,0.814629905
858,5.73E-264,3.23E-173,0,6.46E-147,3.19E-204,1.66E-222,1.34E-282,5.70E-167,1.79E-52,0.792685199
859,3.06E-265,4.04E-174,0,6.70E-148,3.49E-206,7.59E-225,2.70E-286,2.45E-169,2.35E-53,0.770016311
860,1.62E-266,5.04E-175,0,6.89E-149,3.73E-208,3.37E-227,5.13E-290,1.02E-171,3.04E-54,0.746720157
861,8.50E-268,6.25E-176,0,7.04E-150,3.90E-210,1.45E-229,9.23E-294,4.04E-174,3.87E-55,0.722893967
862,4.44E-269,7.71E-177,0,7.13E-151,4.00E-212,6.09E-232,1.57E-297,1.55E-176,4.84E-56,0.698634617
863,2.30E-270,9.45E-178,0,7.17E-152,4.01E-214,2.48E-234,2.53E-301,5.71E-179,5.95E-57,0.674037992
864,1.18E-271,1.15E-178,0,7.15E-153,3.93E-216,9.83E-237,3.86E-305,2.03E-181,7.18E-58,0.649198379
865,6.04E-273,1.40E-179,0,7.08E-154,3.77E-218,3.79E-239,0,6.92E-184,8.53E-59,0.624207887
866,3.07E-274,1.69E-180,0,6.96E-155,3.54E-220,1.42E-241,0,2.27E-186,9.96E-60,0.599155917
867,1.54E-275,2.03E-181,0,6.79E-156,3.25E-222,5.16E-244,0,7.18E-189,1.14E-60,0.574128661
868,7.73E-277,2.42E-182,0,6.57E-157,2.93E-224,1.82E-246,0,2.18E-191,1.29E-61,0.549208662
869,3.84E-278,2.87E-183,0,6.31E-158,2.58E-226,6.28E-249,0,6.39E-194,1.43E-62,0.524474411
870,1.89E-279,3.39E-184,0,6.01E-159,2.22E-228,2.10E-251,0,1.80E-196,1.56E-63,0.5
871,9.27E-281,3.98E-185,0,5.69E-160,1.87E-230,6.82E-254,0,4.88E-199,1.67E-64,0.475854828
872,4.50E-282,4.65E-186,0,5.34E-161,1.54E-232,2.15E-256,0,1.27E-201,1.76E-65,0.452103356
873,2.17E-283,5.41E-187,0,4.98E-162,1.24E-234,6.62E-259,0,3.19E-204,1.82E-66,0.428804916
874,1.04E-284,6.25E-188,0,4.60E-163,9.83E-237,1.98E-261,0,7.70E-207,1.85E-67,0.406013577
875,4.96E-286,7.18E-189,0,4.22E-164,7.60E-239,5.73E-264,0,1.79E-209,1.85E-68,0.38377805
876,2.35E-287,8.21E-190,0,3.85E-165,5.74E-241,1.62E-266,0,4.00E-212,1.82E-69,0.362141656
877,1.10E-288,9.33E-191,0,3.48E-166,4.25E-243,4.44E-269,0,8.59E-215,1.76E-70,0.341142328
878,5.13E-290,1.06E-191,0,3.12E-167,3.08E-245,1.18E-271,0,1.78E-217,1.68E-71,0.320812668
879,2.37E-291,1.19E-192,0,2.78E-168,2.18E-247,3.07E-274,0,3.54E-220,1.57E-72,0.301180039
880,1.09E-292,1.33E-193,0,2.45E-169,1.51E-249,7.73E-277,0,6.78E-223,1.44E-73,0.282266693
881,4.98E-294,1.48E-194,0,2.15E-170,1.03E-251,1.89E-279,0,1.25E-225,1.30E-74,0.264089942
882,2.25E-295,1.64E-195,0,1.87E-171,6.82E-254,4.50E-282,0,2.22E-228,1.15E-75,0.246662348
883,1.01E-296,1.80E-196,0,1.62E-172,4.43E-256,1.04E-284,0,3.79E-231,1.01E-76,0.229991951
884,4.53E-298,1.97E-197,0,1.39E-173,2.82E-258,2.35E-287,0,6.22E-234,8.64E-78,0.21408251
885,2.01E-299,2.15E-198,0,1.18E-174,1.75E-260,5.13E-290,0,9.83E-237,7.28E-79,0.198933771
886,8.85E-301,2.32E-199,0,9.94E-176,1.07E-262,1.09E-292,0,1.49E-239,6.04E-80,0.184541742
887,3.87E-302,2.50E-200,0,8.33E-177,6.37E-265,2.25E-295,0,2.19E-242,4.92E-81,0.170898988
888,1.68E-303,2.68E-201,0,6.92E-178,3.71E-267,4.53E-298,0,3.08E-245,3.94E-82,0.157994927
889,7.24E-305,2.86E-202,0,5.71E-179,2.12E-269,8.85E-301,0,4.17E-248,3.10E-83,0.14581613
890,3.10E-306,3.03E-203,0,4.68E-180,1.18E-271,1.68E-303,0,5.44E-251,2.40E-84,0.134346627
891,1.32E-307,3.19E-204,0,3.80E-181,6.47E-274,3.10E-306,0,6.82E-254,1.83E-85,0.123568207
892,0,3.34E-205,0,3.06E-182,3.46E-276,0,0,8.23E-257,1.37E-86,0.11346071
893,0,3.49E-206,0,2.45E-183,1.81E-278,0,0,9.56E-260,1.01E-87,0.104002319
894,0,3.61E-207,0,1.95E-184,9.27E-281,0,0,1.07E-262,7.27E-89,0.095169836
895,0,3.73E-208,0,1.54E-185,4.64E-283,0,0,1.15E-265,5.16E-90,0.086938951
896,0,3.82E-209,0,1.20E-186,2.28E-285,0,0,1.19E-268,3.61E-91,0.079284492
897,0,3.90E-210,0,9.32E-188,1.09E-287,0,0,1.18E-271,2.48E-92,0.072180664
898,0,3.96E-211,0,7.18E-189,5.13E-290,0,0,1.13E-274,1.67E-93,0.065601274
899,0,4.00E-212,0,5.49E-190,2.36E-292,0,0,1.04E-277,1.11E-94,0.059519936
900,0,4.01E-213,0,4.17E-191,1.06E-294,0,0,9.27E-281,7.24E-96,0.053910257
901,0,4.01E-214,0,3.14E-192,4.67E-297,0,0,7.91E-284,4.64E-97,0.048746016
902,0,3.98E-215,0,2.34E-193,2.01E-299,0,0,6.49E-287,2.93E-98,0.044001312
903,0,3.93E-216,0,1.74E-194,8.47E-302,0,0,5.13E-290,1.81E-99,0.039650704
904,0,3.86E-217,0,1.28E-195,3.49E-304,0,0,3.90E-293,1.10E-100,0.03566933
905,0,3.77E-218,0,9.35E-197,1.41E-306,0,0,2.85E-296,6.61E-102,0.032033013
906,0,3.66E-219,0,6.78E-198,0,0,0,2.01E-299,3.89E-103,0.028718343
907,0,3.54E-220,0,4.88E-199,0,0,0,1.36E-302,2.25E-104,0.02570276
908,0,3.40E-221,0,3.48E-200,0,0,0,8.87E-306,1.28E-105,0.022964601
909,0,3.25E-222,0,2.47E-201,0,0,0,0,7.17E-107,0.020483154
910,0,3.09E-223,0,1.74E-202,0,0,0,0,3.94E-108,0.018238686
911,0,2.93E-224,0,1.21E-203,0,0,0,0,2.13E-109,0.016212464
912,0,2.75E-225,0,8.39E-205,0,0,0,0,1.13E-110,0.014386769
913,0,2.58E-226,0,5.76E-206,0,0,0,0,5.91E-112,0.012744896
914,0,2.40E-227,0,3.93E-207,0,0,0,0,3.03E-113,0.011271147
915,0,2.22E-228,0,2.66E-208,0,0,0,0,1.53E-114,0.009950815
916,0,2.04E-229,0,1.79E-209,0,0,0,0,7.59E-116,0.00877017
917,0,1.87E-230,0,1.19E-210,0,0,0,0,3.70E-117,0.007716425
918,0,1.70E-231,0,7.89E-212,0,0,0,0,1.77E-118,0.006777711
919,0,1.54E-232,0,5.18E-213,0,0,0,0,8.36E-120,0.005943041
920,0,1.39E-233,0,3.38E-214,0,0,0,0,3.87E-121,0.005202273
921,0,1.24E-234,0,2.18E-215,0,0,0,0,1.76E-122,0.004546073
922,0,1.11E-235,0,1.40E-216,0,0,0,0,7.89E-124,0.003965869
923,0,9.83E-237,0,8.93E-218,0,0,0,0,3.47E-125,0.003453816
924,0,8.66E-238,0,5.64E-219,0,0,0,0,1.50E-126,0.003002747
925,0,7.60E-239,0,3.54E-220,0,0,0,0,6.39E-128,0.002606136
926,0,6.62E-240,0,2.20E-221,0,0,0,0,2.67E-129,0.002258053
927,0,5.74E-241,0,1.36E-222,0,0,0,0,1.10E-130,0.001953125
928,0,4.96E-242,0,8.35E-224,0,0,0,0,4.43E-132,0.001686494
929,0,4.25E-243,0,5.08E-225,0,0,0,0,1.76E-133,0.001453778
930,0,3.63E-244,0,3.07E-226,0,0,0,0,6.87E-135,0.001251037
931,0,3.08E-245,0,1.84E-227,0,0,0,0,2.64E-136,0.001074735
932,0,2.60E-246,0,1.09E-228,0,0,0,0,9.95E-138,0.000921703
933,0,2.18E-247,0,6.46E-230,0,0,0,0,3.69E-139,0.000789114
934,0,1.82E-248,0,3.79E-231,0,0,0,0,1.35E-140,0.000674446
935,0,1.51E-249,0,2.20E-232,0,0,0,0,4.82E-142,0.000575457
936,0,1.25E-250,0,1.27E-233,0,0,0,0,1.70E-143,0.00049016
937,0,1.03E-251,0,7.28E-235,0,0,0,0,5.88E-145,0.000416794
938,0,8.39E-253,0,4.13E-236,0,0,0,0,2.00E-146,0.000353805
939,0,6.82E-254,0,2.33E-237,0,0,0,0,6.70E-148,0.000299823
940,0,5.51E-255,0,1.31E-238,0,0,0,0,2.20E-149,0.000253644
941,0,4.43E-256,0,7.25E-240,0,0,0,0,7.13E-151,0.000214212
942,0,3.54E-257,0,4.00E-241,0,0,0,0,2.27E-152,0.000180601
943,0,2.82E-258,0,2.19E-242,0,0,0,0,7.08E-154,0.000152005
944,0,2.23E-259,0,1.19E-243,0,0,0,0,2.18E-155,0.000127718
945,0,1.75E-260,0,6.40E-245,0,0,0,0,6.57E-157,0.000107129
946,0,1.37E-261,0,3.42E-246,0,0,0,0,1.95E-158,8.97E-05
947,0,1.07E-262,0,1.82E-247,0,0,0,0,5.69E-160,7.50E-05
948,0,8.27E-264,0,9.56E-249,0,0,0,0,1.63E-161,6.26E-05
949,0,6.37E-265,0,5.00E-250,0,0,0,0,4.60E-163,5.21E-05
950,0,4.87E-266,0,2.59E-251,0,0,0,0,1.28E-164,4.34E-05